keyword,kategori,subkategori,target,status
apa itu anime,Anime,Dasar,Pemula,baru
sejarah anime jepang,Anime,Sejarah,Campuran,baru
genre anime populer,Anime,Genre,Pemula,baru
studio anime terkenal,Anime,Studio,Fans Lama,baru
cara membaca manga,Manga,Dasar,Pemula,baru
sejarah manga jepang,Manga,Sejarah,Campuran,baru
mangaka terkenal jepang,Manga,Tokoh,Fans Lama,baru
budaya jepang modern,Budaya Jepang,Budaya,Campuran,baru
festival jepang terkenal,Budaya Jepang,Tradisi,Pemula,baru
makanan tradisional jepang,Budaya Jepang,Kuliner,Campuran,baru
